CREATE DATABASE PEDICURE;
USE PEDICURE;

CREATE TABLE CLIENTE(
	ID_CLIENTE INT NOT NULL PRIMARY KEY,
    NOME VARCHAR(255) NOT NULL,
    DATA_NASCIMENTO DATETIME NOT NULL
);

CREATE TABLE AGENDA(
	ID_AGENDA INT NOT NULL  PRIMARY KEY,
    SERVICO VARCHAR(255) NOT NULL
);

CREATE TABLE ATENDIMENTO(
	ID INT NOT NULL PRIMARY KEY,
    DT_INICIO DATETIME NOT NULL,
	ID_CLIENTE INT NOT NULL,
    ID_AGENDA INT NOT NULL,
    DT_FIM DATETIME NOT NULL,
	CONSTRAINT FK_ID_CLIENTE_ATENDIMENTO
		FOREIGN KEY (ID_CLIENTE)
		REFERENCES CLIENTE(ID_CLIENTE),
	CONSTRAINT FK_ID_AGENDA_ATENDIMENTO
		FOREIGN KEY (ID_AGENDA)
		REFERENCES AGENDA(ID_AGENDA)
);

INSERT INTO CLIENTE(ID_CLIENTE, NOME, DATA_NASCIMENTO)
VALUES (1, 'Higor', '2000-03-11 00:00:00');

INSERT INTO CLIENTE(ID_CLIENTE, NOME, DATA_NASCIMENTO) 
VALUES 
(2, 'Ana Silva', '1995-07-20 00:00:00'),
(3, 'Carlos Souza', '1988-11-05 00:00:00'),
(4, 'Beatriz Lima', '2002-01-15 00:00:00'),
(5, 'João Pereira', '1990-05-30 00:00:00'),
(6, 'Mariana Costa', '1998-12-10 00:00:00');

INSERT INTO AGENDA(ID_AGENDA, SERVICO) 
VALUES 
(1, 'Manicure Completa'),
(2, 'Pedicure Spa'),
(3, 'Hidratação de Unhas');

INSERT INTO ATENDIMENTO(ID, DT_INICIO, ID_CLIENTE, ID_AGENDA, DT_FIM) 
VALUES 
(1, '2024-05-20 14:00:00', 1, 1, '2024-05-20 15:30:00');

INSERT INTO ATENDIMENTO(ID, DT_INICIO, ID_CLIENTE, ID_AGENDA, DT_FIM) 
VALUES 
(2, '2024-05-22 09:00:00', 2, 1, '2024-05-22 10:30:00'),
(3, '2024-05-22 11:00:00', 4, 2, '2024-05-22 12:00:00'),
(4, '2024-05-23 14:00:00', 5, 3, '2024-05-23 15:00:00'),
(5, '2024-05-24 10:00:00', 6, 1, '2024-05-24 11:30:00'),
(6, '2024-05-25 16:00:00', 3, 2, '2024-05-25 17:00:00');